Station Name,Station Id,State Name,Elevation,Latitude,Longitude
Agua Canyon,907,UTAH,8900,37.52217,-112.27118
Albro Lake,916,MONTANA,8300,45.59723,-111.95902
Aneroid Lake #2,302,OREGON,7400,45.21328,-117.19258
Apishapa,303,COLORADO,10000,37.33062,-105.06749
Arapaho Ridge,1030,COLORADO,10960,40.35098,-106.35098
Atlanta Summit,306,IDAHO,7580,43.7569,-115.23907
Baker Butte,308,ARIZONA,7300,34.4566,-111.40643
Baker Butte Smt,1140,ARIZONA,7700,34.45547,-111.38272
Bald Mtn.,309,WYOMING,9380,44.8007,-107.84442
Baldy,310,ARIZONA,9125,33.97883,-109.50344
Banner Summit,312,IDAHO,7040,44.30342,-115.23447
Barker Lakes,313,MONTANA,8250,46.09713,-113.13038
Base Camp,314,WYOMING,7060,43.94019,-110.44544
Basin Creek,315,MONTANA,7180,45.79737,-112.52047
Bateman,316,NEW MEXICO,9300,36.51174,-106.31543
Battle Mountain,317,WYOMING,7440,41.05413,-107.26609
Beagle Springs,318,MONTANA,8850,44.47147,-112.98191
Bear Canyon,320,IDAHO,7900,43.74367,-113.93797
Bear Creek,321,NEVADA,8040,41.83384,-115.45278
Bear Lake,322,COLORADO,9500,40.31176,-105.6467
Bear River,1061,COLORADO,9080,40.06153,-107.00955
Bear River RS,992,UTAH,8777,40.8852,-110.8277
Bear Trap Meadow,325,WYOMING,8200,43.88743,-107.06135
Beartooth Lake,326,WYOMING,9360,44.94307,-109.56743
Beartown,327,COLORADO,11600,37.71409,-107.51212
Beaver Ck Village,1041,COLORADO,8500,39.59917,-106.51142
Beaver Creek,328,MONTANA,7850,44.94966,-111.35852
Beaver Dams,329,UTAH,7990,39.13683,-111.55813
Beaver Divide,330,UTAH,8280,40.61233,-111.09782
Beaver Head,902,ARIZONA,7990,33.69144,-109.21657
Beaver Spring,1143,ARIZONA,9200,36.32678,-109.05711
Ben Lomond Peak,332,UTAH,7689,41.37603,-111.94405
Berry Creek,334,NEVADA,9377,39.31917,-114.62278
Berthoud Summit,335,COLORADO,11300,39.80392,-105.77789
Big Creek Sum,337,NEVADA,8685,39.29148,-117.11506
Big Flat,339,UTAH,10349,38.30183,-112.35672
Big Goose,931,WYOMING,7990,44.57924,-107.20068
Big Meadow,340,NEVADA,8235,39.455,-119.9422
Big Sandy Opening,342,WYOMING,9080,42.6458,-109.25965
Bird Creek,1155,NEVADA,7537,39.46138,-114.64863
Bison Lake,345,COLORADO,10880,39.76487,-107.35681
Black Bear,347,MONTANA,8170,44.50832,-111.12803
Black Flat-U.M. Ck,348,UTAH,9414,38.6799,-111.59765
Black Mesa,1185,COLORADO,11580,37.78972,-108.18365
Black Mountain,1161,COLORADO,8920,40.888,-105.66397
Black Pine,349,MONTANA,7210,46.414,-113.43095
Blackhall Mtn,1119,WYOMING,9820,41.05616,-106.71384
Blacks Fork Jct,1162,UTAH,8869,40.95814,-110.5828
Blackwater,350,WYOMING,9780,44.37667,-109.79333
Blind Bull Sum,353,WYOMING,8650,42.964,-110.60973
Bloody Dick,355,MONTANA,7600,45.16507,-113.50099
Blue Lakes,356,CALIFORNIA,8067,38.608,-119.92437
Bobs Hollow,1278,UTAH,9319,38.94569,-112.15349
Bone Springs Div,358,WYOMING,9350,44.67888,-107.5811
Bostetter R.S.,359,IDAHO,7500,42.16442,-114.19272
Boulder Mountain,360,MONTANA,7950,46.5596,-111.28973
Box Creek,364,UTAH,9853,38.50809,-112.01856
Box Springs,1156,UTAH,9228,38.49746,-112.00779
Brackett Creek,365,MONTANA,7320,45.89107,-110.93851
Brian Head,1154,UTAH,10039,37.67994,-112.85674
Brighton,366,UTAH,8766,40.59936,-111.58167
Bristlecone Trail,1111,NEVADA,8890,36.31575,-115.69543
Brooklyn Lake,367,WYOMING,10240,41.35885,-106.23209
Brown Duck,368,UTAH,10574,40.58102,-110.58587
Brumley,369,COLORADO,10600,39.08766,-106.5417
Buck Flat,371,UTAH,9409,39.134,-111.43722
Buck Pasture,1192,UTAH,9632,40.84456,-110.66068
Buckboard Flat,1153,UTAH,8924,37.86943,-109.44717
Buckskin Joe,938,COLORADO,11150,39.3035,-106.11307
Buffalo Park,913,COLORADO,9240,40.22861,-106.59528
Bug Lake,374,UTAH,7987,41.68541,-111.41987
Burgess Junction,377,WYOMING,7880,44.78765,-107.52917
Burnside Lake,1051,CALIFORNIA,8129,38.71943,-119.8942
Burro Mountain,378,COLORADO,9400,39.87505,-107.59853
Burroughs Creek,379,WYOMING,8750,43.69733,-109.67021
Burts Miller Ranch,1135,UTAH,8000,40.98492,-110.85075
Butte,380,COLORADO,10160,38.89433,-106.953
Camp Jackson,383,UTAH,8858,37.81333,-109.48723
Canyon,384,WYOMING,7870,44.71961,-110.51084
Carrot Basin,385,MONTANA,9000,44.96192,-111.29403
Carson Pass,1067,CALIFORNIA,8360,38.6927,-120.0022
Cascade,386,COLORADO,8880,37.65083,-107.80602
Cascade #2,387,COLORADO,8920,37.658,-107.80268
Cascade Mountain,1039,UTAH,7774,40.283,-111.60992
Casper Mtn.,389,WYOMING,7900,42.73389,-106.31861
Castle Creek,1130,WYOMING,8400,43.6748,-109.3774
Castle Valley,390,UTAH,9607,37.66098,-112.74093
Cave Mountain,1152,NEVADA,10578,39.16337,-114.6133
Cedar Pass,391,CALIFORNIA,7030,41.58233,-120.3025
Chalender,1139,ARIZONA,7100,35.26247,-112.06231
Chalk Creek #1,392,UTAH,9171,40.85464,-111.04765
Chalk Creek #2,393,UTAH,8208,40.88529,-111.06954
Chamita,394,NEW MEXICO,8400,36.95636,-106.65682
Chapman Tunnel,1101,COLORADO,10110,39.26217,-106.62931
Chepeta,396,UTAH,10499,40.77458,-110.0105
Cinnabar Park,1046,WYOMING,9574,41.23837,-106.23095
Clayton Springs,983,UTAH,10049,37.9725,-111.83355
Clear Creek #1,399,UTAH,8975,39.86671,-111.28363
Clear Creek #2,400,UTAH,7837,39.89275,-111.25154
Cloud Peak Reservoir,402,WYOMING,9860,44.40343,-107.06057
Clover Meadow,403,MONTANA,8600,45.01788,-111.8456
Cochetopa Pass,1059,COLORADO,10020,38.16283,-106.59883
Cold Springs,405,WYOMING,9630,43.27676,-109.44585
Cole Creek,407,MONTANA,7850,45.19405,-109.34548
Columbine,408,COLORADO,9160,40.3948,-106.60408
Columbine Pass,409,COLORADO,9400,38.41795,-108.38249
Columbus Basin,904,COLORADO,10785,37.44147,-108.02445
Copeland Lake,412,COLORADO,8600,40.20778,-105.56861
Copper Mountain,415,COLORADO,10550,39.48954,-106.17095
Coronado Trail,416,ARIZONA,8400,33.80392,-109.15282
Corral,1236,UTAH,8207,39.65795,-110.37906
Corral Canyon,417,NEVADA,8445,40.27551,-115.54017
Cottonwood Creek,419,WYOMING,7670,42.6459,-110.81482
Crosho,426,COLORADO,9100,40.16745,-107.0575
Crow Creek,1045,WYOMING,8330,41.2287,-105.38278
Culebra #2,430,COLORADO,10500,37.20945,-105.19959
Cumbres Trestle,431,COLORADO,10040,37.01878,-106.45179
Currant Creek,432,UTAH,7915,40.35747,-111.08993
Daisy Peak,919,MONTANA,7600,46.66858,-110.33022
Daniels-Strawberry,435,UTAH,8008,40.2953,-111.25677
Darkhorse Lake,436,MONTANA,8945,45.17367,-113.58448
Deadman Hill,438,COLORADO,10220,40.80571,-105.76993
Deer Park,923,WYOMING,9700,42.59076,-108.90273
Diamond Peak,443,NEVADA,8017,39.56361,-115.84421
Dills Camp,444,UTAH,9228,39.04554,-111.46875
Dismal Swamp,446,CALIFORNIA,7360,41.99127,-120.18033
Divide,448,MONTANA,7800,44.79317,-112.05645
Divide Peak,449,WYOMING,8880,41.30398,-107.15241
Dollarhide Summit,450,IDAHO,8420,43.6025,-114.67417
Dome Lake,451,WYOMING,8880,44.57462,-107.29537
Donkey Reservoir,452,UTAH,9799,38.2084,-111.47412
Dorsey Basin,453,NEVADA,7903,40.89343,-115.21104
Draw Creek,454,NEVADA,7332,41.661,-115.3234
Dry Bread Pond,455,UTAH,8302,41.41289,-111.5377
Dry Fork,906,UTAH,7093,40.56533,-112.17343
Dry Lake,457,COLORADO,8400,40.53397,-106.7813
East Rim Divide,460,WYOMING,7930,43.13097,-110.2023
East Willow Creek,461,UTAH,8302,39.31213,-109.53179
Ebbetts Pass,462,CALIFORNIA,8661,38.5497,-119.80468
Echo Lake,936,COLORADO,10600,39.65627,-105.59345
Echo Peak,463,CALIFORNIA,7653,38.849,-120.0795
EF Blacks Fork GS,1163,UTAH,9360,40.88472,-110.54056
El Diente Peak,465,COLORADO,10000,37.78617,-108.02155
Elk Cabin,921,NEW MEXICO,8210,35.7043,-105.80675
Elk Peak,1106,MONTANA,7600,46.4845,-110.7125
Elk River,467,COLORADO,8700,40.84781,-106.96871
Elkhart Park G.S.,468,WYOMING,9400,43.00657,-109.75893
Elkhead Divide,1252,COLORADO,8780,40.79649,-107.10122
Elliot Ridge,1120,COLORADO,10520,39.864,-106.4246
Emigrant Summit,471,IDAHO,7390,42.36055,-111.56085
Evening Star,472,WYOMING,9200,44.65258,-109.78422
Farmington,474,UTAH,7902,40.97462,-111.80975
Farnsworth Lake,475,UTAH,9623,38.77246,-111.67662
Fawn Creek,476,NEVADA,7031,41.82098,-116.10153
Fish Creek,477,OREGON,7660,42.70992,-118.6321
Fish Lake Utah,1149,UTAH,8798,38.50455,-111.76693
Fisher Creek,480,MONTANA,9100,45.06235,-109.94488
Five Points Lake,481,UTAH,10943,40.71785,-110.46721
Fool Creek,1186,COLORADO,11150,39.8687,-105.8675
Forestdale Creek,1049,CALIFORNIA,8017,38.68245,-119.9597
Fort Valley,1121,ARIZONA,7350,35.26806,-111.74486
Franklin Basin,484,IDAHO,8140,42.0505,-111.6012
Fredonyer Peak,1277,CALIFORNIA,7208,40.68799,-120.60805
Fremont Pass,485,COLORADO,11400,39.37991,-106.19681
Frisco Divide,486,NEW MEXICO,8000,33.73646,-108.94502
Fry,488,ARIZONA,7200,35.07297,-111.84374
Galena,489,IDAHO,7470,43.87722,-114.6725
Galena Summit,490,IDAHO,8780,43.87497,-114.71363
Gallegos Peak,491,NEW MEXICO,9800,36.19446,-105.55795
Garden City Summit,1114,UTAH,7705,41.9215,-111.4693
Gardner Peak,1066,UTAH,8322,37.40083,-113.45988
Garita Peak,1173,NEW MEXICO,10160,36.005,-106.54838
GBRC HQ,1221,UTAH,8801,39.32019,-111.48827
GBRC Meadows,1222,UTAH,9858,39.30229,-111.45383
George Creek,1151,UTAH,8964,41.91562,-113.41154
Glen Cove,1057,COLORADO,11460,38.87583,-105.07367
Gooseberry RS,495,UTAH,7944,38.80034,-111.68333
Gooseberry RS Up,1184,UTAH,8396,38.7882,-111.68892
Grand Targhee,1082,WYOMING,9260,43.77933,-110.92783
Granite Peak,498,NEVADA,8503,41.67032,-117.56668
Grassy Lake,499,WYOMING,7265,44.12612,-110.83435
Grave Springs,501,WYOMING,8550,43.46643,-107.23977
Grayback,1058,COLORADO,11620,37.47033,-106.53783
Green Mountain,503,NEVADA,8185,40.3848,-115.52757
Grizzly Peak,505,COLORADO,11100,39.64631,-105.86973
Gros Ventre Summit,506,WYOMING,8750,43.38939,-110.12943
Gunsight Pass,944,WYOMING,9820,43.38332,-109.87815
Hagans Meadow,508,CALIFORNIA,7742,38.8519,-119.9374
Hams Fork,509,WYOMING,7840,42.146,-110.67833
Hannagan Meadows,511,ARIZONA,9020,33.65387,-109.30952
Hansen Sawmill,512,WYOMING,8360,44.25602,-106.97983
Happy Jack,969,ARIZONA,7630,34.74598,-111.41207
Hardscrabble,896,UTAH,7250,40.86833,-111.71865
Harris Flat,514,UTAH,7792,37.48997,-112.57602
Hawley Lake,1271,ARIZONA,8300,33.97142,-109.76528
Hayden Fork,517,UTAH,9130,40.79669,-110.88472
Hayden Pass,1102,COLORADO,10720,38.29326,-105.8505
Heavenly Valley,518,CALIFORNIA,8534,38.92431,-119.91641
Heber,519,ARIZONA,7640,34.31202,-110.75431
Hewinta,521,UTAH,9500,40.95009,-110.48419
Hickerson Park,522,UTAH,9122,40.90663,-109.96287
High Lonesome,1187,COLORADO,10620,40.03592,-105.75471
Hilts Creek,524,IDAHO,8000,44.01897,-113.4723
Hobble Creek,1223,UTAH,7377,40.18538,-111.35971
Hobbs Park,525,WYOMING,10100,42.86984,-109.09455
Hole-in-Mountain,527,NEVADA,8163,40.94168,-115.0954
Hole-in-Rock,528,UTAH,9168,40.92167,-110.18623
Hoosier Pass,531,COLORADO,11400,39.36127,-106.05978
Hopewell,532,NEW MEXICO,10000,36.71631,-106.26348
Horse Meadow,1050,CALIFORNIA,8557,38.83652,-119.88732
Horse Ridge,533,UTAH,8199,41.31372,-111.44624
Hourglass Lake,1122,COLORADO,9380,40.57913,-105.63068
Howell Canyon,534,IDAHO,7980,42.32029,-113.61587
Huntington Horse,1216,UTAH,9652,39.61774,-111.30576
Hyndman,537,IDAHO,7620,43.71077,-114.15894
Idarado,538,COLORADO,9800,37.9339,-107.67552
Independence Lake,541,CALIFORNIA,8338,39.42752,-120.31342
Independence Pass,542,COLORADO,10600,39.07539,-106.61169
Indian Canyon,543,UTAH,9171,39.89166,-110.74604
Indian Creek,544,WYOMING,9425,42.30023,-110.67753
Ivanhoe,547,COLORADO,10400,39.29202,-106.54923
Jack Creek Upper,548,NEVADA,7377,41.54675,-116.00517
Jacks Peak,549,NEVADA,8424,41.5136,-116.0117
Jackson Peak,550,IDAHO,7070,44.05092,-115.44322
Jackwhacker Gulch,935,COLORADO,10960,39.56667,-105.8
JL Meadow,1287,MONTANA,8800,44.77665,-113.12217
Joe Wright,551,COLORADO,10120,40.53215,-105.887
Jones Corral,1099,UTAH,9749,38.07125,-112.16788
Jones Pass,970,COLORADO,10400,39.7645,-105.90623
Kalamazoo,1150,NEVADA,7775,39.5579,-114.62762
Kelley R.S.,554,WYOMING,8180,42.26554,-110.80177
Kendall R.S.,555,WYOMING,7740,43.2493,-110.01662
Kilfoil Creek,1145,UTAH,7220,41.24764,-111.41249
Kiln,556,COLORADO,9600,39.31724,-106.61453
Kimberly Mine,557,UTAH,9101,38.48383,-112.39273
Kings Cabin,559,UTAH,8728,40.71632,-109.54401
Kirwin,560,WYOMING,9550,43.86067,-109.32163
Klondike Narrows,1115,UTAH,7250,41.96769,-111.59713
Kolob,561,UTAH,9263,37.52664,-113.05386
Lake Eldora,564,COLORADO,9700,39.93678,-105.58956
Lake Irene,565,COLORADO,10700,40.41432,-105.8198
Lakefork #1,566,UTAH,10128,40.59709,-110.43316
Lakefork #3,1116,UTAH,8464,40.5502,-110.3529
Lakefork Basin,513,UTAH,10885,40.73785,-110.62121
Lakeview Ridge,568,MONTANA,7400,44.58907,-111.82498
Lamoille #3,570,NEVADA,8051,40.6448,-115.3812
Laprele Creek,571,WYOMING,8375,42.43583,-105.86083
Larsen Creek,1134,WYOMING,9000,42.5801,-109.0883
Lasal Mountain,572,UTAH,9578,38.48226,-109.27198
Lasal Mountain-Lower,1215,UTAH,8783,38.48167,-109.29164
Leavitt Lake,574,CALIFORNIA,9604,38.27594,-119.61281
Leavitt Meadows,575,CALIFORNIA,7198,38.30367,-119.55111
Lee Canyon,1112,NEVADA,8626,36.30537,-115.67508
Lemhi Ridge,576,MONTANA,8100,44.9938,-113.44399
Lewis Lake Divide,577,WYOMING,7850,44.20862,-110.66628
Lewis Peak,1006,NEVADA,7370,40.3572,-116.8647
Lightning Ridge,1056,UTAH,8215,41.35891,-111.48749
Lily Lake,579,UTAH,9133,40.86493,-110.79813
Lily Pond,580,COLORADO,11000,37.37929,-106.54835
Little Goose,1131,WYOMING,8870,44.54315,-107.17865
Little Snake River,1047,WYOMING,8915,41.07053,-106.94283
Little Warm,585,WYOMING,9370,43.50278,-109.752
Lizard Head Pass,586,COLORADO,10200,37.79926,-107.92426
Lobdell Lake,587,CALIFORNIA,9249,38.43745,-119.36572
Lone Cone,589,COLORADO,9600,37.89183,-108.19544
Lone Mountain,590,MONTANA,8880,45.27412,-111.42692
Lonesome Beaver,1261,UTAH,9410,38.07,-110.77241
Long Draw Resv,1123,COLORADO,9980,40.5123,-105.7656
Long Flat,592,UTAH,7982,37.51255,-113.39661
Long Valley Jct,593,UTAH,7465,37.48756,-112.51458
Lookout Mountain,595,NEW MEXICO,8500,33.36027,-107.83122
Lookout Peak,596,UTAH,8161,40.83731,-111.70965
Loomis Park,597,WYOMING,8240,43.17387,-110.14007
Lost Dog,940,COLORADO,9320,40.81588,-106.74835
Lost-Wood Divide,601,IDAHO,7900,43.82432,-114.26402
Loveland Basin,602,COLORADO,11400,39.67433,-105.90133
Lower Twin,603,MONTANA,7900,45.50871,-111.92288
Lynx Pass,607,COLORADO,8880,40.07806,-106.67028
Madison Plateau,609,MONTANA,7750,44.58623,-111.11627
Mammoth-Cottonwood,612,UTAH,8709,39.68338,-111.31818
Mancos,905,COLORADO,10000,37.43087,-108.16954
Marlette Lake,615,NEVADA,7884,39.16395,-119.89672
Marquette,616,WYOMING,8760,44.3016,-109.24019
Maverick Fork,617,ARIZONA,9200,33.92121,-109.45881
Mc Clure Pass,618,COLORADO,9500,39.12897,-107.28806
Mccoy Park,1040,COLORADO,9480,39.60468,-106.54128
Mcknight Cabin,1048,NEW MEXICO,9240,33.00812,-107.86975
Meadow Lake,620,IDAHO,9150,44.43655,-113.31815
Med Bow,1196,WYOMING,10500,41.37833,-106.34681
Medano Pass,914,COLORADO,9649,37.85164,-105.43614
Merchant Valley,621,UTAH,8705,38.30285,-112.43637
Mesa Lakes,622,COLORADO,10000,39.05831,-108.05835
Michigan Creek,937,COLORADO,10600,39.43577,-105.91078
Middle Creek,624,COLORADO,11250,37.61978,-107.03482
Middle Fork Camp,1014,COLORADO,8940,39.7956,-106.0273
Middle Powder,625,WYOMING,7760,43.62728,-107.18138
Midway Valley,626,UTAH,9827,37.56933,-112.83849
Mill Creek Summit,627,IDAHO,8800,44.47212,-114.48992
Mill-D North,628,UTAH,8963,40.65883,-111.63683
Mineral Creek,629,COLORADO,10040,37.84747,-107.72657
Mining Fork,631,UTAH,8295,40.49384,-112.61141
Molas Lake,632,COLORADO,10500,37.74932,-107.68866
Monitor Pass,633,CALIFORNIA,8306,38.6683,-119.6087
Monte Cristo,634,UTAH,8932,41.46547,-111.49688
Monument Peak,635,MONTANA,8850,45.21759,-110.237
Moon Pass,1124,COLORADO,11140,37.96661,-106.55837
Moonshine,636,IDAHO,7440,44.4147,-113.39812
Morgan Creek,639,IDAHO,7600,44.84237,-114.26871
Mormon Mountain,640,ARIZONA,7500,34.94109,-111.51849
Mormon Mtn Summit,1125,ARIZONA,8500,34.96964,-111.50922
Mosby Mtn.,643,UTAH,9553,40.60798,-109.8881
Mt Baldy,1224,UTAH,9524,39.13648,-111.50527
Mt Pennell,1269,UTAH,9209,37.97793,-110.7933
Mt Rose Ski Area,652,NEVADA,8801,39.31573,-119.89473
Mt. Howard,653,OREGON,7910,45.26522,-117.17373
Mule Creek,656,MONTANA,8300,45.40957,-112.95927
Nast Lake,658,COLORADO,8700,39.29722,-106.60694
Navajo Whiskey Ck,1138,NEW MEXICO,9050,36.17728,-108.94691
Nevada Ridge,903,MONTANA,7020,46.84234,-112.50787
Never Summer,1031,COLORADO,10280,40.40405,-105.95583
New Fork Lake,661,WYOMING,8340,43.11265,-109.94947
Niwot,663,COLORADO,9910,40.03523,-105.54426
North Costilla,665,NEW MEXICO,10600,36.99378,-105.25963
North French Creek,668,WYOMING,10130,41.3308,-106.37555
North Lost Trail,669,COLORADO,9200,39.07813,-107.14389
Northeast Entrance,670,MONTANA,7350,45.00565,-110.01406
Nutrioso,1127,ARIZONA,8500,33.89747,-109.15517
Oak Creek,1146,UTAH,7850,39.3485,-112.32639
Old Battle,673,WYOMING,10000,41.15397,-106.96937
Onion Park,1008,MONTANA,7410,46.91348,-110.8536
Overland Res.,675,COLORADO,9840,39.09056,-107.63472
Owl Creek,676,WYOMING,8975,43.65868,-109.00988
Palo,1170,NEW MEXICO,9350,36.40848,-105.33063
Panguitch Lake RS,1148,UTAH,8350,37.70463,-112.65037
Park Cone,680,COLORADO,9600,38.81996,-106.58974
Park Reservoir,682,COLORADO,9960,39.04644,-107.87414
Parker Peak,683,WYOMING,9400,44.73396,-109.91484
Parleys Summit,684,UTAH,7585,40.76184,-111.62917
Parleys Upper,856,UTAH,8353,40.70194,-111.60619
Parrish Creek,971,UTAH,7740,40.93417,-111.81372
Payson R.S.,686,UTAH,8044,39.92976,-111.63109
Peterson Meadows,930,MONTANA,7200,46.12588,-113.30792
Phantom Valley,688,COLORADO,9030,40.39937,-105.84757
Phillips Bench,689,WYOMING,8200,43.51687,-110.91258
Pickle Keg,691,UTAH,9020,39.01219,-111.58259
Pine Creek,694,UTAH,8734,38.88185,-112.24915
Placer Basin,696,MONTANA,8830,45.41905,-110.08844
Pocket Creek,1133,WYOMING,9360,42.7121,-109.4112
Poison Flat,697,CALIFORNIA,7736,38.50576,-119.62624
Pole Canyon,1244,NEVADA,7760,40.86293,-115.12067
Pole Creek R.S.,698,NEVADA,8360,41.87255,-115.24713
Porphyry Creek,701,COLORADO,10760,38.48884,-106.33965
Porter Canyon,2170,NEVADA,7187,39.46544,-117.62069
Powder River Pass,703,WYOMING,9480,44.16188,-107.12622
Promontory,705,ARIZONA,7930,34.36824,-111.01084
Quemazon,708,NEW MEXICO,9500,35.92244,-106.39203
Rabbit Ears,709,COLORADO,9400,40.36783,-106.74038
Rainbow Canyon,1110,NEVADA,7860,36.2493,-115.62972
Rawah,1032,COLORADO,9020,40.7075,-106.0076
Red Mountain Pass,713,COLORADO,11200,37.8918,-107.71342
Red Pine Ridge,714,UTAH,8988,39.45197,-111.27221
Red River Pass #2,715,NEW MEXICO,9850,36.69925,-105.34125
Redden Mine Lwr,1225,UTAH,8532,40.67505,-111.21765
Rees Flat,1217,UTAH,7206,39.49667,-111.72508
Reno Hill,716,WYOMING,8400,42.57111,-106.08889
Rice Park,933,NEW MEXICO,8460,35.23333,-108.26667
Rio Santa Barbara,1254,NEW MEXICO,10664,36.07192,-105.62947
Ripple Creek,717,COLORADO,10340,40.10812,-107.29411
Roach,718,COLORADO,9700,40.87502,-106.04603
Rock Creek,720,UTAH,7886,40.54875,-110.69292
Rocker Peak,722,MONTANA,8000,46.35613,-112.26176
Rocky Basin-Settleme,723,UTAH,8704,40.44293,-112.22377
Rough And Tumble,939,COLORADO,10360,39.03333,-106.08333
Rubicon #2,724,CALIFORNIA,7619,38.99927,-120.13139
S Fork Shields,725,MONTANA,8100,46.0896,-110.43363
Saddle Mtn.,727,MONTANA,7940,45.69259,-113.96828
Sage Creek Basin,1015,WYOMING,7850,41.401,-107.25717
Saint Elmo,1100,COLORADO,10540,38.69978,-106.36801
Salt River Summit,730,WYOMING,7640,42.5075,-110.9099
San Antonio Sink,1172,NEW MEXICO,9100,36.8622,-106.22502
Sand Lake,731,WYOMING,10050,41.46257,-106.28107
Sandstone RS,732,WYOMING,8150,41.11172,-107.1706
Santa Fe,922,NEW MEXICO,11445,35.76694,-105.78333
Santaquin Meadows,1280,UTAH,7835,39.92076,-111.71802
Sargents Mesa,1128,COLORADO,11530,38.28555,-106.37069
Sawtooth,1251,COLORADO,9620,40.13697,-105.58625
Schofield Pass,737,COLORADO,10700,39.01522,-107.04877
Schwartz Lake,915,IDAHO,8630,44.84618,-113.83732
Scotch Creek,739,COLORADO,9100,37.64556,-108.00786
Sedgwick Peak,741,IDAHO,7850,42.52497,-111.95635
Seeley Creek,742,UTAH,9904,39.31042,-111.43297
Senorita Divide #2,744,NEW MEXICO,8600,36.00198,-106.83348
Seventysix Creek,746,NEVADA,7350,41.73732,-115.47215
Sharkstooth,1060,COLORADO,10720,37.50357,-108.11373
Shell Creek,751,WYOMING,9580,44.50012,-107.42947
Short Creek,753,MONTANA,7000,44.97572,-111.95215
Shower Falls,754,MONTANA,8100,45.40125,-110.95758
Shuree,1169,NEW MEXICO,10100,36.78778,-105.23999
Sierra Blanca,1034,NEW MEXICO,10280,33.40472,-105.78722
Signal Peak,755,NEW MEXICO,8360,32.92401,-108.14538
Silver Creek Divide,757,NEW MEXICO,9000,33.37106,-108.70618
Skalkaho Summit,760,MONTANA,7250,46.24212,-113.7725
Slagamelt Lakes,1286,MONTANA,8620,45.36526,-113.71834
Slug Creek Divide,761,IDAHO,7225,42.56248,-111.29797
Slumgullion,762,COLORADO,11560,37.9908,-107.20327
Smiley Mountain,926,IDAHO,9520,43.72718,-113.83402
Smith  Morehouse,763,UTAH,7631,40.78931,-111.09192
Snider Basin,765,WYOMING,8060,42.4949,-110.53203
Snowbird,766,UTAH,9177,40.56914,-111.65852
Snowslide Canyon,927,ARIZONA,9730,35.3416,-111.65058
Soldier Park,1132,WYOMING,8720,44.34847,-107.0136
Sonora Pass,771,CALIFORNIA,8770,38.31021,-119.6003
South Brush Creek,772,WYOMING,8440,41.32943,-106.50248
South Colony,773,COLORADO,10800,37.96811,-105.53787
South Pass,775,WYOMING,9040,42.57317,-108.84325
Spirit Lk,1117,UTAH,10235,40.83868,-110.00527
Spring Creek Divide,779,WYOMING,9000,42.52516,-110.66148
Spud Mountain,780,COLORADO,10660,37.69866,-107.77715
Spur Park,781,MONTANA,8100,46.77962,-110.62165
Squaw Valley G.C.,784,CALIFORNIA,8013,39.18986,-120.26576
St. Lawrence Alt,786,WYOMING,8620,43.03313,-109.17025
Steel Creek Park,790,UTAH,10158,40.90862,-110.50462
Stickney Mill,792,IDAHO,7430,43.86117,-114.20902
Stillwater Creek,793,COLORADO,8720,40.22543,-105.91977
Strawberry Divide,795,UTAH,8123,40.16483,-111.20665
Stuart Mountain,901,MONTANA,7400,46.99523,-113.92664
Stump Lakes,797,COLORADO,11200,37.47621,-107.63295
Sucker Creek,798,WYOMING,8880,44.7225,-107.40033
Summer Rim,800,OREGON,7080,42.6957,-120.80158
Summit Lk,1194,NEVADA,7615,41.48953,-118.99663
Summit Meadow,1052,CALIFORNIA,9313,38.39747,-119.53522
Summit Ranch,802,COLORADO,9400,39.71796,-106.15802
Sunflower Flat,1249,UTAH,10018,38.048,-111.33981
Suu Ranch,1248,UTAH,8050,37.59711,-112.92949
Swede Peak,805,IDAHO,7640,43.626,-113.96887
Sylvan Lake,806,WYOMING,8420,44.47764,-110.15651
Sylvan Road,807,WYOMING,7120,44.47825,-110.03808
Takka Wiiya,1247,UTAH,9122,39.74104,-113.98262
Taos Powderhorn,1168,NEW MEXICO,11057,36.58203,-105.45611
Temple Fork,1013,UTAH,7406,41.793,-111.54605
Tepee Creek,813,MONTANA,8000,44.78562,-111.71
Thaynes Canyon,814,UTAH,9230,40.6235,-111.53322
Thistle Flat,1226,UTAH,8787,39.23803,-111.51998
Thumb Divide,816,WYOMING,7980,44.36917,-110.57717
Timber Creek,819,WYOMING,7950,44.0274,-109.17879
Timberline,1097,UTAH,8736,39.67712,-110.43395
Timpanogos Divide,820,UTAH,8140,40.42817,-111.61633
Toe Jam,1136,NEVADA,7690,41.3187,-116.3408
Togwotee Pass,822,WYOMING,9580,43.74902,-110.0578
Tolby,934,NEW MEXICO,10180,36.47493,-105.19468
Tony Grove Lake,823,UTAH,8474,41.89833,-111.62957
Tower,825,COLORADO,10500,40.53743,-106.6768
Townsend Creek,826,WYOMING,8700,42.69525,-108.89572
Trapper Lake,827,COLORADO,9700,39.99884,-107.2362
Tres Ritos,1083,NEW MEXICO,8600,36.12778,-105.52714
Trial Lake,828,UTAH,9992,40.678,-110.94873
Trinchera,829,COLORADO,10860,37.35328,-105.23233
Trinity Mtn.,830,IDAHO,7770,43.62903,-115.43818
Triple Peak,831,WYOMING,8500,42.76393,-110.5914
Trout Creek,833,UTAH,9518,40.739,-109.6728
Two Ocean Plateau,837,WYOMING,9240,44.15178,-110.22122
University Camp,838,COLORADO,10300,40.03279,-105.57615
Upper Joes Valley,1227,UTAH,8596,39.4155,-111.2491
Upper Rio Grande,839,COLORADO,9400,37.72194,-107.26015
Upper San Juan,840,COLORADO,10200,37.48576,-106.83535
Upper Taylor,1141,COLORADO,10640,38.99007,-106.74502
Usu Doc Daniel,1098,UTAH,8270,41.86425,-111.50603
Ute Creek,1005,COLORADO,10650,37.61497,-105.37327
Vacarro Springs,1137,NEVADA,7890,39.4495,-115.9834
Vacas Locas,1017,NEW MEXICO,9306,36.02635,-106.81362
Vail Mountain,842,COLORADO,10300,39.61676,-106.38006
Vallecito,843,COLORADO,10880,37.4851,-107.5068
Vernon Creek,844,UTAH,7401,39.93667,-112.41478
Vienna Mine,845,IDAHO,8960,43.79942,-114.85273
Virginia Lakes Ridge,846,CALIFORNIA,9400,38.07298,-119.23433
Wager Gulch,1188,COLORADO,11100,37.88248,-107.3643
Ward Mountain,849,NEVADA,9163,39.13242,-114.95575
Warm Springs,850,MONTANA,7800,46.27368,-113.164
Webber Springs,852,WYOMING,9250,41.15946,-106.92714
Webster Flat,853,UTAH,9203,37.575,-112.90155
Weminuche Creek,1160,COLORADO,10740,37.51976,-107.32152
Wesner Springs,854,NEW MEXICO,11120,35.77556,-105.5425
Wheeler Peak,1147,NEVADA,10060,39.00995,-114.31021
Whiskey Ck,857,COLORADO,10220,37.21411,-105.12245
Whiskey Park,859,WYOMING,8950,41.00289,-106.90848
White Elephant,860,IDAHO,7710,44.53267,-111.41085
White Horse Lake,861,ARIZONA,7180,35.14202,-112.14915
White Mill,862,MONTANA,8700,45.04575,-109.90987
White River #1,864,UTAH,8641,39.9645,-110.98845
Widtsoe #3,865,UTAH,9640,37.83633,-111.88163
Wild Basin,1042,COLORADO,9560,40.20105,-105.60248
Wildcat,866,ARIZONA,7850,33.75835,-109.47973
Willow Creek,868,WYOMING,8080,42.81513,-110.83515
Willow Creek Pass,869,COLORADO,9540,40.34703,-106.09433
Willow Park,870,COLORADO,10700,40.43254,-105.73337
Wilson Creek,871,IDAHO,7120,42.01257,-115.00278
Windy Peak,872,WYOMING,7900,42.2802,-105.57816
Wolf Creek Peak,1164,UTAH,9796,40.47733,-111.04469
Wolf Creek Summit,874,COLORADO,11000,37.47922,-106.8017
Wolverine,875,WYOMING,7650,44.80417,-109.657
Wrigley Creek,1228,UTAH,9327,39.13233,-111.35685
Yankee Reservoir,1197,UTAH,8692,37.74797,-112.77495
Younts Peak,878,WYOMING,8350,43.93225,-109.81775
Zirkel,1033,COLORADO,9340,40.79488,-106.59535
